{
    "criteria": {
        "craft_amethyst_bomb": {
            "trigger": "minecraft:recipe_unlocked",
            "conditions": {
                "recipe": "blast:amethyst_bomb"
            }
        },
        "craft_amethyst_trigger_bomb": {
            "trigger": "minecraft:recipe_unlocked",
            "conditions": {
                "recipe": "blast:amethys_trigger_bomb"
            }
        }
    },
    "rewards": {
        "recipes": [
            "blast:frost_bomb",
            "blast:frost_trigger_bomb"
        ]
    }
}