{
    "criteria": {
        "craft_gold_bomb": {
            "trigger": "minecraft:recipe_unlocked",
            "conditions": {
                "recipe": "blast:golden_bomb"
            }
        },
        "craft_gold_trigger_bomb": {
            "trigger": "minecraft:recipe_unlocked",
            "conditions": {
                "recipe": "blast:golden_trigger_bomb"
            }
        }
    },
    "rewards": {
        "recipes": [
            "blast:diamond_bomb",
            "blast:diamond_trigger_bomb",
            "blast:naval_mine"
        ]
    }
}