{
    "criteria": {
        "craft_diamond_bomb": {
            "trigger": "minecraft:recipe_unlocked",
            "conditions": {
                "recipe": "blast:diamond_bomb"
            }
        },
        "craft_diamond_trigger_bomb": {
            "trigger": "minecraft:recipe_unlocked",
            "conditions": {
                "recipe": "blast:diamond_trigger_bomb"
            }
        },
        "craft_naval_mine": {
            "trigger": "minecraft:recipe_unlocked",
            "conditions": {
                "recipe": "blast:naval_mine"
            }
        }
    },
    "rewards": {
        "recipes": [
            "blast:pearl_bomb",
            "blast:pearl_trigger_bomb",
            "blast:slime_bomb",
            "blast:slime_trigger_bomb"
        ]
    }
}