{
  "display": {
    "icon": {
      "item": "minecraft:player_head",
      "nbt": "{SkullOwner:\"Thea7010\"}"
    },
    "title": "Craft all Bombs",
    "description": "you crafted every bomb, congratulations!!!!!",
    "frame": "challenge",
    "show_toast": true,
    "announce_to_chat": true,
    "hidden": true
  },
  "parent": "draft:root",
  "criteria": {
    "ab": {
      "trigger": "minecraft:recipe_crafted",
      "conditions": {
        "recipe_id": "blast:amethyst_bomb"
      }
    },
    "atb": {
      "trigger": "minecraft:recipe_crafted",
      "conditions": {
        "recipe_id": "blast:amethyst_trigger_bomb"
      }
    },
    "b": {
      "trigger": "minecraft:recipe_crafted",
      "conditions": {
        "recipe_id": "blast:bomb"
      }
    },
    "db": {
      "trigger": "minecraft:recipe_crafted",
      "conditions": {
        "recipe_id": "blast:diamond_bomb"
      }
    },
    "dtb": {
      "trigger": "minecraft:recipe_crafted",
      "conditions": {
        "recipe_id": "blast:diamond_trigger_bomb"
      }
    },
    "fb": {
      "trigger": "minecraft:recipe_crafted",
      "conditions": {
        "recipe_id": "blast:frost_bomb"
      }
    },
    "ftb": {
      "trigger": "minecraft:recipe_crafted",
      "conditions": {
        "recipe_id": "blast:frost_trigger_bomb"
      }
    },
    "gb": {
      "trigger": "minecraft:recipe_crafted",
      "conditions": {
        "recipe_id": "blast:golden_bomb"
      }
    },
    "gtb": {
      "trigger": "minecraft:recipe_crafted",
      "conditions": {
        "recipe_id": "blast:golden_trigger_bomb"
      }
    },
    "nm": {
      "trigger": "minecraft:recipe_crafted",
      "conditions": {
        "recipe_id": "blast:naval_mine"
      }
    },
    "pb": {
      "trigger": "minecraft:recipe_crafted",
      "conditions": {
        "recipe_id": "blast:pearl_bomb"
      }
    },
    "ptb": {
      "trigger": "minecraft:recipe_crafted",
      "conditions": {
        "recipe_id": "blast:pearl_trigger_bomb"
      }
    },
    "sb": {
      "trigger": "minecraft:recipe_crafted",
      "conditions": {
        "recipe_id": "blast:slime_bomb"
      }
    },
    "stb": {
      "trigger": "minecraft:recipe_crafted",
      "conditions": {
        "recipe_id": "blast:slime_trigger_bomb"
      }
    },
    "tb": {
      "trigger": "minecraft:recipe_crafted",
      "conditions": {
        "recipe_id": "blast:trigger_bomb"
      }
    }
  },
  "requirements": [
    [
      "ab"
    ],
    [
      "atb"
    ],
    [
      "b"
    ],
    [
      "db"
    ],
    [
      "dtb"
    ],
    [
      "fb"
    ],
    [
      "ftb"
    ],
    [
      "gb"
    ],
    [
      "gtb"
    ],
    [
      "nm"
    ],
    [
      "pb"
    ],
    [
      "ptb"
    ],
    [
      "sb"
    ],
    [
      "stb"
    ],
    [
      "tb"
    ]
  ],
  "rewards": {
    "function": "draft:craft_all_bombs",
    "experience": 1395
  }
}