{
  "display": {
    "icon": {
      "item": "blast:amethyst_bomb"
    },
    "title": "Shattered",
    "description": "An amethyst bomb that brings explosive brilliance to the battlefield!",
    "frame": "task",
    "show_toast": true,
    "announce_to_chat": true,
    "hidden": false
  },
  "parent": "draft:pipe_bomb",
  "criteria": {
    "craft": {
      "trigger": "minecraft:recipe_crafted",
      "conditions": {
        "recipe_id": "blast:amethyst_bomb"
      }
    }
  },
  "requirements": [
    [
      "craft"
    ]
  ],
  "rewards": {
    "experience": 100
  }
}