{
  "display": {
    "icon": {
      "item": "blast:amethyst_trigger_bomb"
    },
    "title": "Crystal Clear",
    "description": "A sparkling mess",
    "frame": "goal",
    "show_toast": true,
    "announce_to_chat": true,
    "hidden": true
  },
  "parent": "draft:amethyst_bomb",
  "criteria": {
    "craft": {
      "trigger": "minecraft:recipe_crafted",
      "conditions": {
        "recipe_id": "blast:amethyst_trigger_bomb"
      }
    }
  },
  "requirements": [
    [
      "craft"
    ]
  ],
  "rewards": {
    "experience": 100
  }
}