{
  "display": {
    "icon": {
      "item": "blast:diamond_trigger_bomb"
    },
    "title": "Diamond Detonator",
    "description": "Craft a bomb with a diamond trigger and let the explosion shine!",
    "frame": "goal",
    "show_toast": true,
    "announce_to_chat": true,
    "hidden": true
  },
  "parent": "draft:diamond_bomb",
  "criteria": {
    "craft_bomb": {
      "trigger": "minecraft:recipe_crafted",
      "conditions": {
        "recipe_id": "blast:diamond_trigger_bomb"
      }
    }
  },
  "rewards": {
    "experience": 100
  }
}