{
  "display": {
    "icon": {
      "item": "blast:frost_trigger_bomb"
    },
    "title": "Let it Go",
    "description": "Trigger a bomb that freezes enemies and shrapnels them into a frosty slowdown!",
    "frame": "goal",
    "show_toast": true,
    "announce_to_chat": true,
    "hidden": true
  },
  "parent": "draft:frost_bomb",
  "criteria": {
    "craft": {
      "trigger": "minecraft:recipe_crafted",
      "conditions": {
        "recipe_id": "blast:frost_trigger_bomb"
      }
    }
  },
  "requirements": [
    [
      "craft"
    ]
  ],
  "rewards": {
    "experience": 100
  }
}