{
  "display": {
    "icon": {
      "item": "blast:frost_bomb"
    },
    "title": "Chill Out",
    "description": "Craft a bomb that frosts the competition—shrapnel included for a cold, hard slowdown!",
    "frame": "task",
    "show_toast": true,
    "announce_to_chat": true,
    "hidden": false
  },
  "parent": "draft:amethyst_bomb",
  "criteria": {
    "craft": {
      "trigger": "minecraft:recipe_crafted",
      "conditions": {
        "recipe_id": "blast:frost_bomb"
      }
    }
  },
  "requirements": [
    [
      "craft"
    ]
  ],
  "rewards": {
    "experience": 100
  }
}