{
  "display": {
    "icon": {
      "item": "blast:golden_trigger_bomb"
    },
    "title": "Golden Trigger!",
    "description": "Craft a bomb with a golden touch that blows up in style!",
    "frame": "goal",
    "show_toast": true,
    "announce_to_chat": true,
    "hidden": true
  },
  "parent": "draft:golden_bomb",
  "criteria": {
    "craft": {
      "trigger": "minecraft:recipe_crafted",
      "conditions": {
        "recipe_id": "blast:golden_trigger_bomb"
      }
    }
  },
  "requirements": [
    [
      "craft"
    ]
  ],
  "rewards": {
    "experience": 100
  }
}