{
  "display": {
    "icon": {
      "item": "blast:golden_bomb"
    },
    "title": "Golden Touch",
    "description": "Craft a bomb with the Midas touch, shiny and ready to explode!",
    "frame": "task",
    "show_toast": true,
    "announce_to_chat": true,
    "hidden": false
  },
  "parent": "draft:bomb",
  "criteria": {
    "craft_bomb": {
      "trigger": "minecraft:recipe_crafted",
      "conditions": {
        "recipe_id": "blast:golden_bomb"
      }
    }
  },
  "requirements": [
    [
      "craft_bomb"
    ]
  ],
  "rewards": {
    "experience": 100
  }
}