{
  "display": {
    "icon": {
      "item": "blast:naval_mine"
    },
    "title": "Deep Sea Detonator",
    "description": "A prismarine mine because explosions should sparkle with danger!",
    "frame": "task",
    "show_toast": true,
    "announce_to_chat": true,
    "hidden": false
  },
  "parent": "draft:golden_bomb",
  "criteria": {
    "craft": {
      "trigger": "minecraft:recipe_crafted",
      "conditions": {
        "recipe_id": "blast:naval_mine"
      }
    }
  },
  "requirements": [
    [
      "craft"
    ]
  ],
  "rewards": {
    "experience": 100
  }
}