{
  "display": {
    "icon": {
      "item": "blast:pearl_bomb"
    },
    "title": "Now you see me",
    "description": "Throw an Ender Pearl and watch the blocks vanish—where they go, no one knows!",
    "frame": "task",
    "show_toast": true,
    "announce_to_chat": true,
    "hidden": false
  },
  "parent": "draft:diamond_bomb",
  "criteria": {
    "craft": {
      "trigger": "minecraft:recipe_crafted",
      "conditions": {
        "recipe_id": "blast:pearl_bomb"
      }
    }
  },
  "requirements": [
    [
      "craft"
    ]
  ],
  "rewards": {
    "experience": 100
  }
}