{
  "display": {
    "icon": {
      "item": "blast:pearl_trigger_bomb"
    },
    "title": "Now you dont",
    "description": "A teleporting bomb that vanishes on impact and takes the chaos with it!",
    "frame": "goal",
    "show_toast": true,
    "announce_to_chat": true,
    "hidden": true
  },
  "parent": "draft:pearl_bomb",
  "criteria": {
    "craft": {
      "trigger": "minecraft:recipe_crafted",
      "conditions": {
        "recipe_id": "blast:pearl_trigger_bomb"
      }
    }
  },
  "requirements": [
    [
      "craft"
    ]
  ],
  "rewards": {
    "experience": 100
  }
}