{
  "display": {
    "icon": {
      "item": "blast:pipe_bomb"
    },
    "title": "Special Delivery",
    "description": "pipe bomb~ :3",
    "frame": "task",
    "show_toast": true,
    "announce_to_chat": true,
    "hidden": true
  },
  "parent": "draft:root",
  "criteria": {
    "pipe": {
      "trigger": "minecraft:recipe_crafted",
      "conditions": {
        "recipe_id": "blast:pipe_bomb"
      }
    }
  },
  "requirements": [
    [
      "pipe"
    ]
  ],
  "rewards": {
    "experience": 100
  }
}