{
  "display": {
    "icon": {
      "item": "blast:slime_bomb"
    },
    "title": "Sticky Situation",
    "description": "Craft a bomb that flings you and others around in a sticky, bouncy mess!",
    "frame": "task",
    "show_toast": true,
    "announce_to_chat": true,
    "hidden": false
  },
  "parent": "draft:pipe_bomb",
  "criteria": {
    "craft": {
      "trigger": "minecraft:recipe_crafted",
      "conditions": {
        "recipe_id": "blast:slime_bomb"
      }
    }
  },
  "requirements": [
    [
      "craft"
    ]
  ],
  "rewards": {
    "experience": 100
  }
}