{
  "display": {
    "icon": {
      "item": "blast:trigger_bomb"
    },
    "title": "No Contact",
    "description": "Craft a Trigger Bomb that explodes instantly when it touches any surface!",
    "frame": "goal",
    "show_toast": true,
    "announce_to_chat": true,
    "hidden": true
  },
  "parent": "draft:bomb",
  "criteria": {
    "craft_trigger_bomb": {
      "trigger": "minecraft:recipe_crafted",
      "conditions": {
        "recipe_id": "blast:trigger_bomb"
      }
    }
  },
  "requirements": [
    [
      "craft_trigger_bomb"
    ]
  ],
  "rewards": {
    "experience": 100
  }
}